corp_code,bsns_year,fs_div,sj_div,currency,rows,max_abs_amt,corp_name
00138516,2020,CFS,BS,USD,30,177178532.0,아남전자
00138516,2020,CFS,CF,USD,64,115778010.0,아남전자
00138516,2020,CFS,CIS,USD,22,224352656.0,아남전자
00138516,2020,CFS,SCE,USD,23,54405154.0,아남전자
00138516,2020,OFS,BS,USD,27,104171224.0,아남전자
00138516,2020,OFS,CF,USD,58,115778010.0,아남전자
00138516,2020,OFS,CIS,USD,21,224335479.0,아남전자
00138516,2020,OFS,SCE,USD,20,56889953.0,아남전자
00138516,2021,CFS,BS,USD,31,229403319.0,아남전자
00138516,2021,CFS,CF,USD,62,193905074.0,아남전자
00138516,2021,CFS,CIS,USD,22,314437329.0,아남전자
00138516,2021,CFS,SCE,USD,23,66108571.0,아남전자
00138516,2021,OFS,BS,USD,28,134447983.0,아남전자
00138516,2021,OFS,CF,USD,55,188905074.0,아남전자
00138516,2021,OFS,CIS,USD,21,305065992.0,아남전자
00138516,2021,OFS,SCE,USD,20,66108571.0,아남전자
00138516,2022,CFS,BS,USD,33,213647673.0,아남전자
00138516,2022,CFS,CF,USD,60,183658526.0,아남전자
00138516,2022,CFS,CIS,USD,21,371831316.0,아남전자
00138516,2022,CFS,SCE,USD,23,77284993.0,아남전자
00138516,2022,OFS,BS,USD,30,119089902.0,아남전자
00138516,2022,OFS,CF,USD,53,183658526.0,아남전자
00138516,2022,OFS,CIS,USD,20,353957584.0,아남전자
00138516,2022,OFS,SCE,USD,20,77284993.0,아남전자
00138516,2023,CFS,BS,USD,36,164226601.0,아남전자
00138516,2023,CFS,CF,USD,60,66293958.0,아남전자
00138516,2023,CFS,CIS,USD,24,255594471.0,아남전자
00138516,2023,CFS,SCE,USD,27,82645435.0,아남전자
00138516,2023,OFS,BS,USD,33,112977440.0,아남전자
00138516,2023,OFS,CF,USD,57,44412413.0,아남전자
00138516,2023,OFS,CIS,USD,22,237943429.0,아남전자
00138516,2023,OFS,SCE,USD,21,82645435.0,아남전자
00138516,2024,CFS,BS,USD,35,148788013.0,아남전자
00138516,2024,CFS,CF,USD,59,30264810.0,아남전자
00138516,2024,CFS,CIS,USD,24,189473465.0,아남전자
00138516,2024,CFS,SCE,USD,30,89163424.0,아남전자
00138516,2024,OFS,BS,USD,32,115544263.0,아남전자
00138516,2024,OFS,CF,USD,56,28387026.0,아남전자
00138516,2024,OFS,CIS,USD,22,171419506.0,아남전자
00138516,2024,OFS,SCE,USD,23,89163424.0,아남전자
00138516,2025,CFS,BS,USD,37,144149370.0,아남전자
00138516,2025,CFS,CF,USD,61,28444052.0,아남전자
00138516,2025,CFS,CIS,USD,24,151351168.0,아남전자
00138516,2025,CFS,SCE,USD,27,93260335.0,아남전자
00138516,2025,OFS,BS,USD,33,111463878.0,아남전자
00138516,2025,OFS,CF,USD,58,22035220.0,아남전자
00138516,2025,OFS,CIS,USD,23,144710148.0,아남전자
00138516,2025,OFS,SCE,USD,21,93260335.0,아남전자
00956028,2020,CFS,BS,USD,40,156419338.0,엑세스바이오
00956028,2020,CFS,CF,USD,60,45230474.0,엑세스바이오
00956028,2020,CFS,CIS,USD,27,103213745.0,엑세스바이오
00956028,2020,CFS,SCE,USD,144,79669849.0,엑세스바이오
00956028,2020,OFS,BS,USD,36,164053853.0,엑세스바이오
00956028,2020,OFS,CF,USD,43,43561926.0,엑세스바이오
00956028,2020,OFS,CIS,USD,20,92215510.0,엑세스바이오
00956028,2020,OFS,SCE,USD,90,108035084.0,엑세스바이오
00956028,2021,CFS,BS,USD,40,372845999.0,엑세스바이오
00956028,2021,CFS,CF,USD,55,167931631.0,엑세스바이오
00956028,2021,CFS,CIS,USD,26,441369161.0,엑세스바이오
00956028,2021,CFS,SCE,USD,128,244661762.0,엑세스바이오
00956028,2021,OFS,BS,USD,37,377804262.0,엑세스바이오
00956028,2021,OFS,CF,USD,40,161321594.0,엑세스바이오
00956028,2021,OFS,CIS,USD,20,417301334.0,엑세스바이오
00956028,2021,OFS,SCE,USD,72,268893616.0,엑세스바이오
00956028,2022,CFS,BS,USD,40,698713619.0,엑세스바이오
00956028,2022,CFS,CF,USD,56,373391493.0,엑세스바이오
00956028,2022,CFS,CIS,USD,24,800234602.0,엑세스바이오
00956028,2022,CFS,SCE,USD,128,494040669.0,엑세스바이오
00956028,2022,OFS,BS,USD,36,677579824.0,엑세스바이오
00956028,2022,OFS,CF,USD,37,355498052.0,엑세스바이오
00956028,2022,OFS,CIS,USD,20,763370040.0,엑세스바이오
00956028,2022,OFS,SCE,USD,72,494184514.0,엑세스바이오
00956028,2023,CFS,BS,USD,42,536014034.0,엑세스바이오
00956028,2023,CFS,CF,USD,55,373391493.0,엑세스바이오
00956028,2023,CFS,CIS,USD,24,267075591.0,엑세스바이오
00956028,2023,CFS,SCE,USD,120,494040669.0,엑세스바이오
00956028,2023,OFS,BS,USD,36,540293815.0,엑세스바이오
00956028,2023,OFS,CF,USD,33,355498052.0,엑세스바이오
00956028,2023,OFS,CIS,USD,20,255766548.0,엑세스바이오
00956028,2023,OFS,SCE,USD,66,494184514.0,엑세스바이오
00956028,2024,CFS,BS,USD,40,503980396.0,엑세스바이오
00956028,2024,CFS,CF,USD,54,232819942.0,엑세스바이오
00956028,2024,CFS,CIS,USD,24,82451940.0,엑세스바이오
00956028,2024,CFS,SCE,USD,136,455359999.0,엑세스바이오
00956028,2024,OFS,BS,USD,35,513489137.0,엑세스바이오
00956028,2024,OFS,CF,USD,34,218690130.0,엑세스바이오
00956028,2024,OFS,CIS,USD,20,58701034.0,엑세스바이오
00956028,2024,OFS,SCE,USD,78,474401342.0,엑세스바이오
00956028,2025,CFS,BS,USD,40,423681105.0,엑세스바이오
00956028,2025,CFS,CF,USD,46,232819942.0,엑세스바이오
00956028,2025,CFS,CIS,USD,24,74096198.0,엑세스바이오
00956028,2025,CFS,SCE,USD,112,443813099.0,엑세스바이오
00956028,2025,OFS,BS,USD,34,418482248.0,엑세스바이오
00956028,2025,OFS,CF,USD,37,218690130.0,엑세스바이오
00956028,2025,OFS,CIS,USD,20,86527252.0,엑세스바이오
00956028,2025,OFS,SCE,USD,78,468604202.0,엑세스바이오
01032486,2023,CFS,BS,USD,51,8043860515.0,두산밥캣
01032486,2023,CFS,CF,USD,44,1284969464.0,두산밥캣
01032486,2023,CFS,CIS,USD,12,774914227.0,두산밥캣
01032486,2023,CFS,IS,USD,17,7475740778.0,두산밥캣
01032486,2023,CFS,SCE,USD,71,4618281799.0,두산밥캣
01032486,2024,CFS,BS,USD,51,8169804000.0,두산밥캣
01032486,2024,CFS,CF,USD,44,1263123000.0,두산밥캣
01032486,2024,CFS,CIS,USD,11,413029000.0,두산밥캣
01032486,2024,CFS,IS,USD,17,6269305000.0,두산밥캣
01032486,2024,CFS,SCE,USD,67,4690139000.0,두산밥캣
01032486,2025,CFS,BS,USD,50,8558454000.0,두산밥캣
01032486,2025,CFS,CF,USD,41,1389744000.0,두산밥캣
01032486,2025,CFS,CIS,USD,9,554801000.0,두산밥캣
01032486,2025,CFS,IS,USD,17,6181806000.0,두산밥캣
01032486,2025,CFS,SCE,USD,59,5011583000.0,두산밥캣
01165739,2020,CFS,BS,USD,35,99923834.0,잉글우드랩
01165739,2020,CFS,CF,USD,28,20992129.0,잉글우드랩
01165739,2020,CFS,CIS,USD,17,116239246.0,잉글우드랩
01165739,2020,CFS,SCE,USD,21,62721656.0,잉글우드랩
01165739,2020,OFS,BS,USD,31,82133081.0,잉글우드랩
01165739,2020,OFS,CF,USD,25,14026777.0,잉글우드랩
01165739,2020,OFS,CIS,USD,14,94231229.0,잉글우드랩
01165739,2020,OFS,SCE,USD,10,63070087.0,잉글우드랩
01165739,2021,CFS,BS,USD,37,108123809.0,잉글우드랩
01165739,2021,CFS,CF,USD,27,9917640.0,잉글우드랩
01165739,2021,CFS,CIS,USD,17,140522222.0,잉글우드랩
01165739,2021,CFS,SCE,USD,23,68284300.0,잉글우드랩
01165739,2021,OFS,BS,USD,32,87816569.0,잉글우드랩
01165739,2021,OFS,CF,USD,23,8468389.0,잉글우드랩
01165739,2021,OFS,CIS,USD,15,96928544.0,잉글우드랩
01165739,2021,OFS,SCE,USD,12,69531359.0,잉글우드랩
01165739,2022,CFS,BS,USD,36,106822471.0,잉글우드랩
01165739,2022,CFS,CF,USD,26,8867251.0,잉글우드랩
01165739,2022,CFS,CIS,USD,17,117271385.0,잉글우드랩
01165739,2022,CFS,SCE,USD,23,73405781.0,잉글우드랩
01165739,2022,OFS,BS,USD,31,88763204.0,잉글우드랩
01165739,2022,OFS,CF,USD,24,6253974.0,잉글우드랩
01165739,2022,OFS,CIS,USD,15,85223682.0,잉글우드랩
01165739,2022,OFS,SCE,USD,12,74744374.0,잉글우드랩
01165739,2023,CFS,BS,USD,37,134665289.0,잉글우드랩
01165739,2023,CFS,CF,USD,27,18892655.0,잉글우드랩
01165739,2023,CFS,CIS,USD,17,158405481.0,잉글우드랩
01165739,2023,CFS,SCE,USD,23,89123720.0,잉글우드랩
01165739,2023,OFS,BS,USD,31,94715787.0,잉글우드랩
01165739,2023,OFS,CF,USD,20,14724286.0,잉글우드랩
01165739,2023,OFS,CIS,USD,15,81323710.0,잉글우드랩
01165739,2023,OFS,SCE,USD,12,84199242.0,잉글우드랩
01165739,2024,CFS,BS,USD,37,135871032.0,잉글우드랩
01165739,2024,CFS,CF,USD,27,19138261.0,잉글우드랩
01165739,2024,CFS,CIS,USD,17,133594656.0,잉글우드랩
01165739,2024,CFS,SCE,USD,24,97887856.0,잉글우드랩
01165739,2024,OFS,BS,USD,31,96830712.0,잉글우드랩
01165739,2024,OFS,CF,USD,21,7154782.0,잉글우드랩
01165739,2024,OFS,CIS,USD,14,82638820.0,잉글우드랩
01165739,2024,OFS,SCE,USD,12,86313232.0,잉글우드랩
01165739,2025,CFS,BS,USD,37,158226274.0,잉글우드랩
01165739,2025,CFS,CF,USD,28,25138613.0,잉글우드랩
01165739,2025,CFS,CIS,USD,17,152431009.0,잉글우드랩
01165739,2025,CFS,SCE,USD,25,114701495.0,잉글우드랩
01165739,2025,OFS,BS,USD,30,101917951.0,잉글우드랩
01165739,2025,OFS,CF,USD,21,10873166.0,잉글우드랩
01165739,2025,OFS,CIS,USD,14,84082915.0,잉글우드랩
01165739,2025,OFS,SCE,USD,12,89755799.0,잉글우드랩
